buyer_id,region,signup_date
1,Chicago,2025-08-04
2,Indianapolis,2025-10-11
3,Indianapolis,2025-03-01
4,Chicago,2025-04-16
5,Indianapolis,2025-04-24
6,Indianapolis,2025-04-30
7,Chicago,2025-03-22
8,Chicago,2025-01-19
9,Indianapolis,2025-06-23
10,Chicago,2025-04-28
11,Chicago,2025-04-23
12,Chicago,2025-03-29
13,Indianapolis,2025-11-03
14,Indianapolis,2025-07-21
15,Indianapolis,2025-05-19
16,Indianapolis,2025-03-09
17,Milwaukee,2025-09-22
18,Milwaukee,2025-10-21
19,Chicago,2025-01-11
20,Chicago,2025-11-03
21,Indianapolis,2025-08-19
22,Milwaukee,2025-02-02
23,Milwaukee,2025-09-06
24,Indianapolis,2025-02-05
25,Milwaukee,2025-01-17
26,Milwaukee,2025-02-08
27,Milwaukee,2025-06-01
28,Chicago,2025-07-24
29,Chicago,2025-05-15
30,Chicago,2025-02-10
31,Chicago,2025-03-07
32,Chicago,2025-10-09
33,Detroit,2025-11-14
34,Chicago,2025-09-06
35,Chicago,2025-02-04
36,Chicago,2025-09-28
37,Chicago,2025-08-17
38,Indianapolis,2025-06-23
39,Milwaukee,2025-02-17
40,Indianapolis,2025-11-25
41,Indianapolis,2025-05-27
42,Chicago,2025-01-15
43,Indianapolis,2025-03-11
44,Chicago,2025-05-13
45,Chicago,2025-01-21
46,Chicago,2025-04-17
47,Indianapolis,2025-06-04
48,Milwaukee,2025-11-10
49,Chicago,2025-01-29
50,Milwaukee,2025-07-10
51,Chicago,2025-10-30
52,Indianapolis,2025-09-24
53,Chicago,2025-11-02
54,Chicago,2025-02-26
55,Chicago,2025-09-22
56,Milwaukee,2025-11-19
57,Chicago,2025-04-18
58,Chicago,2025-06-14
59,Chicago,2025-06-25
60,Detroit,2025-06-12
61,Detroit,2025-04-06
62,Indianapolis,2025-11-17
63,Chicago,2025-11-12
64,Detroit,2025-05-06
65,Indianapolis,2025-09-23
66,Indianapolis,2025-05-12
67,Chicago,2025-09-20
68,Chicago,2025-07-12
69,Chicago,2025-06-05
70,Detroit,2025-02-12
71,Milwaukee,2025-08-05
72,Chicago,2025-04-16
73,Chicago,2025-03-13
74,Milwaukee,2025-03-05
75,Chicago,2025-11-21
76,Detroit,2025-02-04
77,Indianapolis,2025-09-21
78,Indianapolis,2025-10-13
79,Chicago,2025-01-11
80,Milwaukee,2025-07-14
81,Milwaukee,2025-07-10
82,Milwaukee,2025-04-29
83,Chicago,2025-08-09
84,Chicago,2025-05-15
85,Chicago,2025-05-26
86,Milwaukee,2025-05-23
87,Chicago,2025-09-22
88,Chicago,2025-07-28
89,Chicago,2025-05-06
90,Milwaukee,2025-11-02
91,Chicago,2025-09-22
92,Detroit,2025-11-04
93,Milwaukee,2025-08-30
94,Chicago,2025-05-10
95,Milwaukee,2025-09-13
96,Chicago,2025-04-19
97,Detroit,2025-03-31
98,Milwaukee,2025-05-29
99,Indianapolis,2025-11-16
100,Chicago,2025-07-07
101,Milwaukee,2025-05-07
102,Milwaukee,2025-06-02
103,Detroit,2025-04-07
104,Milwaukee,2025-08-06
105,Milwaukee,2025-04-26
106,Chicago,2025-07-02
107,Chicago,2025-05-03
108,Milwaukee,2025-04-16
109,Chicago,2025-11-17
110,Chicago,2025-04-25
111,Indianapolis,2025-01-24
112,Detroit,2025-05-05
113,Chicago,2025-06-25
114,Milwaukee,2025-02-01
115,Chicago,2025-04-11
116,Indianapolis,2025-02-24
117,Chicago,2025-06-15
118,Indianapolis,2025-08-27
119,Indianapolis,2025-11-16
120,Indianapolis,2025-05-09
121,Chicago,2025-10-12
122,Detroit,2025-03-12
123,Chicago,2025-09-15
124,Chicago,2025-07-05
125,Milwaukee,2025-09-08
126,Chicago,2025-09-07
127,Indianapolis,2025-06-25
128,Indianapolis,2025-03-26
129,Chicago,2025-06-23
130,Detroit,2025-09-30
131,Chicago,2025-11-17
132,Milwaukee,2025-11-03
133,Chicago,2025-03-01
134,Detroit,2025-07-17
135,Chicago,2025-02-04
136,Chicago,2025-08-09
137,Chicago,2025-11-24
138,Detroit,2025-01-18
139,Detroit,2025-08-05
140,Indianapolis,2025-11-09
141,Detroit,2025-10-07
142,Detroit,2025-05-10
143,Milwaukee,2025-02-04
144,Chicago,2025-11-01
145,Indianapolis,2025-11-01
146,Indianapolis,2025-07-11
147,Chicago,2025-11-20
148,Chicago,2025-01-02
149,Indianapolis,2025-07-23
150,Chicago,2025-01-13
151,Detroit,2025-11-05
152,Chicago,2025-08-13
153,Chicago,2025-10-29
154,Indianapolis,2025-07-05
155,Chicago,2025-01-28
156,Chicago,2025-01-09
157,Milwaukee,2025-04-21
158,Detroit,2025-09-03
159,Chicago,2025-02-19
160,Chicago,2025-10-09
161,Indianapolis,2025-03-21
162,Detroit,2025-06-13
163,Milwaukee,2025-03-09
164,Chicago,2025-06-03
165,Chicago,2025-05-30
166,Chicago,2025-01-02
167,Chicago,2025-07-07
168,Indianapolis,2025-09-17
169,Chicago,2025-11-05
170,Milwaukee,2025-04-20
171,Indianapolis,2025-10-18
172,Milwaukee,2025-10-17
173,Chicago,2025-11-23
174,Indianapolis,2025-05-04
175,Indianapolis,2025-10-08
176,Indianapolis,2025-07-06
177,Chicago,2025-01-20
178,Chicago,2025-03-31
179,Detroit,2025-08-10
180,Chicago,2025-02-22
181,Chicago,2025-05-24
182,Milwaukee,2025-09-13
183,Indianapolis,2025-02-19
184,Detroit,2025-06-13
185,Chicago,2025-03-12
186,Detroit,2025-06-27
187,Chicago,2025-03-21
188,Milwaukee,2025-11-15
189,Milwaukee,2025-01-26
190,Chicago,2025-11-14
191,Chicago,2025-09-19
192,Chicago,2025-10-10
193,Detroit,2025-10-08
194,Milwaukee,2025-03-03
195,Detroit,2025-11-04
196,Indianapolis,2025-07-16
197,Milwaukee,2025-11-14
198,Indianapolis,2025-10-17
199,Chicago,2025-07-11
200,Chicago,2025-05-04
201,Indianapolis,2025-02-08
202,Indianapolis,2025-02-03
203,Chicago,2025-05-09
204,Milwaukee,2025-09-25
205,Milwaukee,2025-06-16
206,Detroit,2025-06-08
207,Milwaukee,2025-03-22
208,Chicago,2025-07-06
209,Chicago,2025-07-30
210,Chicago,2025-11-21
211,Indianapolis,2025-08-29
212,Detroit,2025-07-20
213,Milwaukee,2025-10-28
214,Chicago,2025-05-21
215,Chicago,2025-11-05
216,Indianapolis,2025-05-03
217,Indianapolis,2025-02-12
218,Chicago,2025-05-18
219,Chicago,2025-02-12
220,Milwaukee,2025-02-09
221,Chicago,2025-10-18
222,Indianapolis,2025-09-20
223,Chicago,2025-03-14
224,Chicago,2025-10-04
225,Detroit,2025-01-23
226,Chicago,2025-04-04
227,Chicago,2025-08-22
228,Chicago,2025-04-11
229,Chicago,2025-08-30
230,Chicago,2025-10-16
231,Chicago,2025-01-22
232,Chicago,2025-01-08
233,Chicago,2025-11-07
234,Milwaukee,2025-06-21
235,Indianapolis,2025-06-17
236,Chicago,2025-06-03
237,Chicago,2025-05-24
238,Milwaukee,2025-08-16
239,Detroit,2025-07-11
240,Detroit,2025-02-23
241,Chicago,2025-07-26
242,Chicago,2025-08-09
243,Chicago,2025-02-07
244,Chicago,2025-05-05
245,Milwaukee,2025-09-18
246,Chicago,2025-07-24
247,Chicago,2025-02-15
248,Chicago,2025-01-14
249,Milwaukee,2025-07-11
250,Chicago,2025-06-02
251,Indianapolis,2025-11-14
252,Chicago,2025-06-22
253,Detroit,2025-11-04
254,Chicago,2025-03-12
255,Indianapolis,2025-05-28
256,Detroit,2025-02-16
257,Detroit,2025-07-09
258,Indianapolis,2025-03-04
259,Indianapolis,2025-06-12
260,Milwaukee,2025-04-24
261,Indianapolis,2025-03-03
262,Chicago,2025-02-01
263,Milwaukee,2025-06-18
264,Milwaukee,2025-11-09
265,Detroit,2025-03-07
266,Milwaukee,2025-05-14
267,Chicago,2025-03-16
268,Milwaukee,2025-09-24
269,Chicago,2025-05-17
270,Chicago,2025-11-18
271,Milwaukee,2025-03-22
272,Chicago,2025-01-27
273,Chicago,2025-07-12
274,Chicago,2025-08-04
275,Chicago,2025-11-23
276,Chicago,2025-10-15
277,Chicago,2025-10-19
278,Indianapolis,2025-07-29
279,Chicago,2025-04-29
280,Detroit,2025-05-22
281,Detroit,2025-02-14
282,Milwaukee,2025-05-23
283,Chicago,2025-05-01
284,Milwaukee,2025-01-12
285,Indianapolis,2025-03-09
286,Indianapolis,2025-06-26
287,Indianapolis,2025-05-02
288,Milwaukee,2025-11-24
289,Milwaukee,2025-06-07
290,Chicago,2025-11-13
291,Indianapolis,2025-08-07
292,Chicago,2025-01-14
293,Indianapolis,2025-03-09
294,Detroit,2025-08-21
295,Chicago,2025-06-29
296,Milwaukee,2025-04-10
297,Chicago,2025-06-22
298,Indianapolis,2025-10-25
299,Chicago,2025-05-09
300,Detroit,2025-01-15
301,Chicago,2025-04-13
302,Detroit,2025-11-05
303,Indianapolis,2025-09-09
304,Milwaukee,2025-10-04
305,Indianapolis,2025-10-28
306,Indianapolis,2025-02-08
307,Detroit,2025-04-04
308,Chicago,2025-01-20
309,Milwaukee,2025-01-02
310,Chicago,2025-10-03
311,Milwaukee,2025-11-06
312,Chicago,2025-02-21
313,Milwaukee,2025-08-27
314,Milwaukee,2025-06-26
315,Milwaukee,2025-01-23
316,Milwaukee,2025-10-30
317,Indianapolis,2025-10-15
318,Indianapolis,2025-07-07
319,Milwaukee,2025-08-22
320,Milwaukee,2025-05-12
321,Detroit,2025-09-19
322,Chicago,2025-05-27
323,Chicago,2025-11-23
324,Chicago,2025-01-21
325,Indianapolis,2025-02-26
326,Chicago,2025-11-16
327,Indianapolis,2025-04-06
328,Indianapolis,2025-04-13
329,Chicago,2025-09-19
330,Detroit,2025-03-04
331,Indianapolis,2025-06-19
332,Chicago,2025-04-05
333,Chicago,2025-03-07
334,Chicago,2025-11-15
335,Chicago,2025-03-07
336,Chicago,2025-02-01
337,Detroit,2025-08-11
338,Chicago,2025-10-14
339,Chicago,2025-02-12
340,Indianapolis,2025-08-22
341,Milwaukee,2025-06-28
342,Detroit,2025-10-01
343,Indianapolis,2025-02-11
344,Milwaukee,2025-11-19
345,Chicago,2025-07-24
346,Detroit,2025-10-05
347,Indianapolis,2025-04-30
348,Detroit,2025-11-08
349,Chicago,2025-07-26
350,Detroit,2025-02-11
351,Milwaukee,2025-11-01
352,Chicago,2025-09-20
353,Milwaukee,2025-04-10
354,Indianapolis,2025-06-30
355,Chicago,2025-05-09
356,Milwaukee,2025-06-29
357,Indianapolis,2025-11-15
358,Chicago,2025-10-24
359,Milwaukee,2025-03-13
360,Chicago,2025-11-17
361,Chicago,2025-05-25
362,Detroit,2025-08-21
363,Indianapolis,2025-09-10
364,Chicago,2025-06-09
365,Detroit,2025-05-31
366,Detroit,2025-05-31
367,Chicago,2025-10-12
368,Indianapolis,2025-05-08
369,Chicago,2025-04-03
370,Detroit,2025-04-30
371,Indianapolis,2025-03-06
372,Indianapolis,2025-05-10
373,Chicago,2025-02-07
374,Detroit,2025-01-30
375,Chicago,2025-08-27
376,Chicago,2025-01-26
377,Chicago,2025-07-07
378,Indianapolis,2025-09-15
379,Chicago,2025-08-28
380,Detroit,2025-05-28
381,Indianapolis,2025-03-05
382,Chicago,2025-11-04
383,Chicago,2025-10-03
384,Chicago,2025-07-22
385,Milwaukee,2025-01-29
386,Indianapolis,2025-01-12
387,Chicago,2025-04-15
388,Indianapolis,2025-02-21
389,Chicago,2025-10-11
390,Indianapolis,2025-03-09
391,Detroit,2025-04-04
392,Indianapolis,2025-11-18
393,Indianapolis,2025-09-28
394,Indianapolis,2025-03-14
395,Chicago,2025-05-07
396,Chicago,2025-06-20
397,Chicago,2025-08-08
398,Milwaukee,2025-11-05
399,Indianapolis,2025-10-15
400,Milwaukee,2025-11-19
401,Detroit,2025-01-14
402,Chicago,2025-03-19
403,Indianapolis,2025-07-05
404,Chicago,2025-01-17
405,Chicago,2025-04-28
406,Indianapolis,2025-02-20
407,Detroit,2025-11-04
408,Milwaukee,2025-01-21
409,Chicago,2025-02-18
410,Milwaukee,2025-03-06
411,Chicago,2025-02-19
412,Detroit,2025-07-07
413,Indianapolis,2025-05-01
414,Chicago,2025-10-29
415,Chicago,2025-03-28
416,Chicago,2025-06-27
417,Detroit,2025-08-06
418,Milwaukee,2025-07-26
419,Indianapolis,2025-09-20
420,Milwaukee,2025-03-08
421,Milwaukee,2025-06-17
422,Chicago,2025-09-22
423,Detroit,2025-10-12
424,Chicago,2025-07-23
425,Milwaukee,2025-08-04
426,Indianapolis,2025-10-13
427,Milwaukee,2025-07-26
428,Detroit,2025-11-10
429,Chicago,2025-02-12
430,Milwaukee,2025-04-25
431,Chicago,2025-02-07
432,Milwaukee,2025-01-30
433,Chicago,2025-06-05
434,Chicago,2025-03-16
435,Chicago,2025-05-15
436,Chicago,2025-05-25
437,Chicago,2025-07-24
438,Milwaukee,2025-11-09
439,Milwaukee,2025-10-08
440,Chicago,2025-05-05
441,Chicago,2025-04-18
442,Chicago,2025-09-12
443,Milwaukee,2025-02-10
444,Chicago,2025-06-28
445,Chicago,2025-05-20
446,Chicago,2025-03-02
447,Milwaukee,2025-07-23
448,Chicago,2025-04-16
449,Milwaukee,2025-03-03
450,Milwaukee,2025-08-04
451,Indianapolis,2025-02-27
452,Milwaukee,2025-08-11
453,Indianapolis,2025-02-23
454,Chicago,2025-05-24
455,Indianapolis,2025-09-24
456,Milwaukee,2025-03-17
457,Chicago,2025-09-11
458,Milwaukee,2025-08-27
459,Chicago,2025-10-25
460,Milwaukee,2025-02-25
461,Indianapolis,2025-08-24
462,Detroit,2025-11-06
463,Detroit,2025-09-09
464,Milwaukee,2025-03-04
465,Milwaukee,2025-09-29
466,Indianapolis,2025-02-05
467,Chicago,2025-07-14
468,Indianapolis,2025-06-14
469,Milwaukee,2025-06-25
470,Chicago,2025-06-21
471,Chicago,2025-01-11
472,Indianapolis,2025-06-17
473,Chicago,2025-11-06
474,Chicago,2025-05-25
475,Chicago,2025-04-02
476,Chicago,2025-11-25
477,Chicago,2025-02-02
478,Indianapolis,2025-06-10
479,Chicago,2025-06-19
480,Indianapolis,2025-06-07
481,Detroit,2025-11-01
482,Chicago,2025-05-20
483,Chicago,2025-11-18
484,Milwaukee,2025-01-23
485,Chicago,2025-08-31
486,Chicago,2025-07-15
487,Detroit,2025-03-21
488,Detroit,2025-03-17
489,Indianapolis,2025-08-26
490,Chicago,2025-07-30
491,Indianapolis,2025-07-21
492,Indianapolis,2025-01-17
493,Chicago,2025-07-17
494,Milwaukee,2025-11-20
495,Chicago,2025-01-06
496,Chicago,2025-06-04
497,Milwaukee,2025-06-13
498,Chicago,2025-10-23
499,Chicago,2025-04-04
500,Indianapolis,2025-06-06
501,Detroit,2025-08-25
502,Milwaukee,2025-01-20
503,Indianapolis,2025-09-22
504,Detroit,2025-09-29
505,Chicago,2025-08-26
506,Chicago,2025-08-02
507,Chicago,2025-09-04
508,Chicago,2025-09-15
509,Indianapolis,2025-10-26
510,Chicago,2025-05-22
511,Milwaukee,2025-05-31
512,Chicago,2025-07-30
513,Chicago,2025-03-05
514,Detroit,2025-10-10
515,Chicago,2025-09-12
516,Chicago,2025-07-28
517,Chicago,2025-04-10
518,Milwaukee,2025-04-25
519,Milwaukee,2025-05-24
520,Milwaukee,2025-08-07
521,Chicago,2025-09-14
522,Chicago,2025-08-10
523,Indianapolis,2025-11-03
524,Milwaukee,2025-11-13
525,Milwaukee,2025-08-21
526,Indianapolis,2025-05-03
527,Indianapolis,2025-07-17
528,Chicago,2025-05-21
529,Chicago,2025-07-27
530,Milwaukee,2025-09-26
531,Chicago,2025-05-02
532,Indianapolis,2025-06-16
533,Milwaukee,2025-01-16
534,Indianapolis,2025-09-01
535,Detroit,2025-06-11
536,Milwaukee,2025-06-01
537,Detroit,2025-06-25
538,Milwaukee,2025-03-13
539,Detroit,2025-07-17
540,Chicago,2025-09-03
541,Milwaukee,2025-04-26
542,Milwaukee,2025-02-13
543,Chicago,2025-05-08
544,Chicago,2025-03-07
545,Detroit,2025-05-04
546,Milwaukee,2025-07-26
547,Chicago,2025-02-07
548,Chicago,2025-09-04
549,Chicago,2025-03-16
550,Chicago,2025-10-23
551,Detroit,2025-08-30
552,Chicago,2025-03-31
553,Chicago,2025-07-05
554,Milwaukee,2025-02-06
555,Chicago,2025-02-02
556,Chicago,2025-11-12
557,Indianapolis,2025-09-22
558,Milwaukee,2025-02-20
559,Detroit,2025-04-04
560,Milwaukee,2025-03-07
561,Milwaukee,2025-05-11
562,Indianapolis,2025-04-07
563,Detroit,2025-04-19
564,Indianapolis,2025-06-24
565,Detroit,2025-03-04
566,Indianapolis,2025-10-19
567,Detroit,2025-08-29
568,Chicago,2025-09-08
569,Indianapolis,2025-02-25
570,Chicago,2025-08-22
571,Milwaukee,2025-10-03
572,Indianapolis,2025-02-27
573,Detroit,2025-09-05
574,Detroit,2025-04-29
575,Chicago,2025-09-17
576,Indianapolis,2025-06-07
577,Indianapolis,2025-09-22
578,Chicago,2025-02-18
579,Chicago,2025-05-09
580,Chicago,2025-04-01
581,Indianapolis,2025-03-23
582,Milwaukee,2025-04-12
583,Detroit,2025-05-07
584,Milwaukee,2025-02-12
585,Detroit,2025-08-22
586,Chicago,2025-07-01
587,Indianapolis,2025-10-01
588,Chicago,2025-08-21
589,Milwaukee,2025-02-19
590,Indianapolis,2025-01-24
591,Detroit,2025-05-20
592,Indianapolis,2025-06-08
593,Chicago,2025-03-21
594,Chicago,2025-09-16
595,Chicago,2025-07-11
596,Chicago,2025-09-04
597,Indianapolis,2025-02-05
598,Indianapolis,2025-09-26
599,Indianapolis,2025-03-10
600,Detroit,2025-05-28
601,Indianapolis,2025-05-25
602,Indianapolis,2025-09-28
603,Chicago,2025-04-02
604,Chicago,2025-03-21
605,Milwaukee,2025-04-23
606,Detroit,2025-04-30
607,Chicago,2025-03-01
608,Milwaukee,2025-02-28
609,Indianapolis,2025-03-18
610,Chicago,2025-06-04
611,Chicago,2025-04-24
612,Detroit,2025-05-10
613,Indianapolis,2025-08-26
614,Chicago,2025-03-21
615,Detroit,2025-10-28
616,Chicago,2025-09-06
617,Detroit,2025-02-27
618,Chicago,2025-04-14
619,Milwaukee,2025-03-02
620,Chicago,2025-04-01
621,Chicago,2025-05-01
622,Detroit,2025-02-13
623,Chicago,2025-01-05
624,Chicago,2025-05-25
625,Chicago,2025-08-20
626,Indianapolis,2025-04-10
627,Indianapolis,2025-10-11
628,Detroit,2025-05-02
629,Chicago,2025-10-25
630,Chicago,2025-03-19
631,Chicago,2025-06-27
632,Milwaukee,2025-09-09
633,Detroit,2025-01-20
634,Indianapolis,2025-11-03
635,Milwaukee,2025-05-01
636,Chicago,2025-06-14
637,Detroit,2025-07-27
638,Milwaukee,2025-08-01
639,Chicago,2025-01-08
640,Chicago,2025-10-14
641,Chicago,2025-07-25
642,Chicago,2025-11-26
643,Chicago,2025-06-05
644,Milwaukee,2025-07-22
645,Milwaukee,2025-05-26
646,Chicago,2025-10-21
647,Chicago,2025-10-02
648,Detroit,2025-10-27
649,Indianapolis,2025-06-16
650,Milwaukee,2025-09-19
651,Chicago,2025-04-29
652,Detroit,2025-06-02
653,Chicago,2025-09-08
654,Chicago,2025-01-27
655,Detroit,2025-08-23
656,Milwaukee,2025-01-06
657,Indianapolis,2025-07-11
658,Milwaukee,2025-06-07
659,Indianapolis,2025-06-04
660,Chicago,2025-06-13
661,Chicago,2025-06-12
662,Chicago,2025-05-15
663,Chicago,2025-05-29
664,Detroit,2025-07-07
665,Chicago,2025-09-09
666,Milwaukee,2025-07-02
667,Indianapolis,2025-08-01
668,Indianapolis,2025-10-04
669,Chicago,2025-11-23
670,Milwaukee,2025-02-05
671,Detroit,2025-08-24
672,Indianapolis,2025-03-16
673,Indianapolis,2025-03-06
674,Detroit,2025-09-19
675,Indianapolis,2025-01-23
676,Chicago,2025-10-07
677,Milwaukee,2025-09-12
678,Chicago,2025-11-25
679,Indianapolis,2025-08-09
680,Detroit,2025-10-16
681,Milwaukee,2025-02-09
682,Chicago,2025-10-21
683,Chicago,2025-02-22
684,Detroit,2025-04-14
685,Chicago,2025-02-12
686,Chicago,2025-05-13
687,Chicago,2025-09-05
688,Chicago,2025-03-30
689,Milwaukee,2025-09-29
690,Milwaukee,2025-07-20
691,Chicago,2025-07-27
692,Chicago,2025-11-06
693,Chicago,2025-05-23
694,Chicago,2025-04-24
695,Chicago,2025-11-25
696,Indianapolis,2025-07-03
697,Chicago,2025-07-22
698,Chicago,2025-04-08
699,Chicago,2025-03-13
700,Chicago,2025-02-26
701,Chicago,2025-03-15
702,Chicago,2025-03-06
703,Detroit,2025-09-04
704,Chicago,2025-01-20
705,Milwaukee,2025-07-27
706,Milwaukee,2025-11-10
707,Chicago,2025-09-10
708,Chicago,2025-05-13
709,Indianapolis,2025-01-20
710,Indianapolis,2025-10-03
711,Chicago,2025-01-02
712,Chicago,2025-08-13
713,Chicago,2025-08-10
714,Milwaukee,2025-03-05
715,Indianapolis,2025-09-02
716,Chicago,2025-02-27
717,Chicago,2025-03-16
718,Detroit,2025-09-25
719,Chicago,2025-11-20
720,Milwaukee,2025-03-29
721,Indianapolis,2025-11-01
722,Chicago,2025-10-29
723,Chicago,2025-09-11
724,Chicago,2025-02-16
725,Detroit,2025-04-09
726,Chicago,2025-08-12
727,Chicago,2025-11-26
728,Chicago,2025-09-26
729,Chicago,2025-05-19
730,Milwaukee,2025-03-19
731,Chicago,2025-11-13
732,Milwaukee,2025-04-02
733,Milwaukee,2025-04-23
734,Indianapolis,2025-11-15
735,Chicago,2025-07-05
736,Detroit,2025-03-29
737,Milwaukee,2025-01-02
738,Chicago,2025-05-22
739,Indianapolis,2025-11-22
740,Detroit,2025-05-23
741,Chicago,2025-08-19
742,Detroit,2025-03-25
743,Milwaukee,2025-09-13
744,Milwaukee,2025-09-14
745,Detroit,2025-07-20
746,Chicago,2025-09-12
747,Indianapolis,2025-07-11
748,Chicago,2025-05-05
749,Indianapolis,2025-09-01
750,Milwaukee,2025-10-03
751,Chicago,2025-10-05
752,Chicago,2025-03-12
753,Chicago,2025-08-12
754,Chicago,2025-01-02
755,Chicago,2025-07-08
756,Chicago,2025-07-08
757,Chicago,2025-04-30
758,Chicago,2025-11-25
759,Indianapolis,2025-10-19
760,Indianapolis,2025-01-13
761,Indianapolis,2025-03-10
762,Chicago,2025-03-10
763,Detroit,2025-10-24
764,Milwaukee,2025-06-21
765,Chicago,2025-08-29
766,Chicago,2025-09-25
767,Indianapolis,2025-09-11
768,Chicago,2025-01-30
769,Milwaukee,2025-02-16
770,Detroit,2025-05-11
771,Chicago,2025-04-22
772,Chicago,2025-09-04
773,Detroit,2025-02-21
774,Milwaukee,2025-05-03
775,Chicago,2025-03-20
776,Detroit,2025-03-04
777,Detroit,2025-02-27
778,Milwaukee,2025-03-06
779,Milwaukee,2025-07-06
780,Chicago,2025-05-16
781,Chicago,2025-05-24
782,Milwaukee,2025-06-08
783,Chicago,2025-09-02
784,Indianapolis,2025-10-12
785,Indianapolis,2025-06-23
786,Chicago,2025-07-31
787,Milwaukee,2025-09-01
788,Chicago,2025-08-16
789,Detroit,2025-02-14
790,Chicago,2025-11-21
791,Milwaukee,2025-02-24
792,Milwaukee,2025-05-16
793,Chicago,2025-08-04
794,Indianapolis,2025-05-14
795,Indianapolis,2025-03-22
796,Milwaukee,2025-11-01
797,Indianapolis,2025-01-24
798,Detroit,2025-03-23
799,Chicago,2025-11-24
800,Milwaukee,2025-08-29
801,Chicago,2025-01-29
802,Indianapolis,2025-09-07
803,Milwaukee,2025-11-16
804,Chicago,2025-02-02
805,Chicago,2025-05-17
806,Detroit,2025-06-04
807,Chicago,2025-02-13
808,Indianapolis,2025-03-08
809,Chicago,2025-02-27
810,Detroit,2025-03-03
811,Chicago,2025-05-14
812,Chicago,2025-06-03
813,Detroit,2025-03-20
814,Detroit,2025-04-06
815,Chicago,2025-03-05
816,Milwaukee,2025-09-20
817,Indianapolis,2025-03-11
818,Detroit,2025-10-27
819,Chicago,2025-06-27
820,Milwaukee,2025-09-22
821,Indianapolis,2025-07-30
822,Indianapolis,2025-03-29
823,Indianapolis,2025-07-18
824,Milwaukee,2025-04-01
825,Chicago,2025-02-09
826,Detroit,2025-03-26
827,Detroit,2025-04-01
828,Indianapolis,2025-02-14
829,Chicago,2025-01-08
830,Chicago,2025-11-08
831,Indianapolis,2025-06-19
832,Chicago,2025-05-13
833,Detroit,2025-11-03
834,Chicago,2025-03-16
835,Indianapolis,2025-05-13
836,Detroit,2025-10-07
837,Chicago,2025-07-28
838,Chicago,2025-05-12
839,Milwaukee,2025-03-26
840,Milwaukee,2025-01-12
841,Chicago,2025-01-29
842,Milwaukee,2025-02-23
843,Detroit,2025-09-17
844,Milwaukee,2025-07-30
845,Chicago,2025-05-24
846,Chicago,2025-09-16
847,Chicago,2025-02-23
848,Chicago,2025-03-11
849,Chicago,2025-05-10
850,Indianapolis,2025-10-30
851,Chicago,2025-07-22
852,Detroit,2025-10-08
853,Chicago,2025-03-23
854,Chicago,2025-10-07
855,Indianapolis,2025-01-24
856,Detroit,2025-03-17
857,Chicago,2025-06-22
858,Chicago,2025-01-17
859,Chicago,2025-10-11
860,Milwaukee,2025-10-14
861,Milwaukee,2025-06-28
862,Chicago,2025-04-11
863,Chicago,2025-02-02
864,Milwaukee,2025-07-24
865,Detroit,2025-06-27
866,Indianapolis,2025-09-08
867,Milwaukee,2025-07-18
868,Chicago,2025-02-12
869,Chicago,2025-02-10
870,Chicago,2025-09-15
871,Indianapolis,2025-02-22
872,Detroit,2025-11-06
873,Detroit,2025-02-04
874,Detroit,2025-08-29
875,Detroit,2025-11-18
876,Detroit,2025-05-26
877,Chicago,2025-01-19
878,Chicago,2025-10-17
879,Chicago,2025-03-03
880,Milwaukee,2025-06-24
881,Chicago,2025-11-21
882,Indianapolis,2025-09-03
883,Milwaukee,2025-01-16
884,Milwaukee,2025-09-28
885,Chicago,2025-02-23
886,Chicago,2025-09-05
887,Chicago,2025-07-24
888,Detroit,2025-04-05
889,Milwaukee,2025-05-20
890,Indianapolis,2025-02-08
891,Chicago,2025-11-22
892,Chicago,2025-03-20
893,Chicago,2025-04-12
894,Indianapolis,2025-06-15
895,Indianapolis,2025-08-10
896,Chicago,2025-06-16
897,Detroit,2025-06-16
898,Chicago,2025-07-12
899,Detroit,2025-10-11
900,Chicago,2025-05-11
901,Chicago,2025-10-02
902,Indianapolis,2025-09-17
903,Chicago,2025-11-14
904,Chicago,2025-10-29
905,Chicago,2025-09-21
906,Chicago,2025-03-23
907,Indianapolis,2025-09-13
908,Detroit,2025-09-01
909,Detroit,2025-04-06
910,Chicago,2025-08-12
911,Milwaukee,2025-03-25
912,Chicago,2025-06-22
913,Chicago,2025-09-20
914,Chicago,2025-03-04
915,Detroit,2025-04-22
916,Detroit,2025-09-20
917,Indianapolis,2025-05-30
918,Milwaukee,2025-11-14
919,Milwaukee,2025-01-03
920,Milwaukee,2025-08-27
921,Milwaukee,2025-09-26
922,Chicago,2025-10-30
923,Chicago,2025-02-21
924,Chicago,2025-11-21
925,Detroit,2025-05-10
926,Milwaukee,2025-04-27
927,Detroit,2025-04-28
928,Chicago,2025-07-30
929,Milwaukee,2025-08-06
930,Chicago,2025-06-06
931,Chicago,2025-01-24
932,Chicago,2025-11-22
933,Chicago,2025-03-15
934,Detroit,2025-01-31
935,Chicago,2025-07-17
936,Milwaukee,2025-05-17
937,Milwaukee,2025-07-23
938,Chicago,2025-10-16
939,Milwaukee,2025-02-02
940,Chicago,2025-04-04
941,Detroit,2025-06-20
942,Indianapolis,2025-09-17
943,Indianapolis,2025-07-18
944,Milwaukee,2025-05-07
945,Chicago,2025-07-21
946,Detroit,2025-11-20
947,Chicago,2025-06-08
948,Chicago,2025-10-19
949,Chicago,2025-09-15
950,Indianapolis,2025-04-10
951,Milwaukee,2025-03-24
952,Indianapolis,2025-09-12
953,Indianapolis,2025-03-10
954,Chicago,2025-04-22
955,Detroit,2025-03-19
956,Chicago,2025-07-20
957,Milwaukee,2025-04-08
958,Chicago,2025-08-06
959,Detroit,2025-11-05
960,Chicago,2025-10-01
961,Chicago,2025-11-09
962,Milwaukee,2025-01-09
963,Chicago,2025-05-31
964,Chicago,2025-03-14
965,Milwaukee,2025-10-30
966,Chicago,2025-08-23
967,Detroit,2025-04-16
968,Chicago,2025-07-05
969,Indianapolis,2025-07-19
970,Milwaukee,2025-06-13
971,Indianapolis,2025-06-06
972,Milwaukee,2025-01-19
973,Milwaukee,2025-05-30
974,Detroit,2025-04-25
975,Chicago,2025-09-28
976,Chicago,2025-10-13
977,Indianapolis,2025-09-05
978,Indianapolis,2025-01-11
979,Chicago,2025-10-05
980,Chicago,2025-05-11
981,Detroit,2025-05-18
982,Indianapolis,2025-11-08
983,Detroit,2025-10-14
984,Milwaukee,2025-01-17
985,Indianapolis,2025-04-29
986,Chicago,2025-09-05
987,Detroit,2025-06-27
988,Chicago,2025-03-27
989,Indianapolis,2025-06-23
990,Chicago,2025-10-13
991,Milwaukee,2025-03-15
992,Indianapolis,2025-09-04
993,Milwaukee,2025-08-31
994,Detroit,2025-10-20
995,Chicago,2025-04-09
996,Milwaukee,2025-03-13
997,Chicago,2025-06-30
998,Chicago,2025-06-25
999,Chicago,2025-05-16
1000,Chicago,2025-09-15
1001,Chicago,2025-09-21
1002,Indianapolis,2025-03-23
1003,Indianapolis,2025-09-20
1004,Indianapolis,2025-03-18
1005,Chicago,2025-05-15
1006,Chicago,2025-01-09
1007,Chicago,2025-04-23
1008,Indianapolis,2025-11-13
1009,Detroit,2025-05-27
1010,Chicago,2025-08-23
1011,Indianapolis,2025-02-05
1012,Chicago,2025-07-29
1013,Chicago,2025-05-03
1014,Chicago,2025-09-03
1015,Chicago,2025-11-03
1016,Indianapolis,2025-06-25
1017,Detroit,2025-02-03
1018,Chicago,2025-06-07
1019,Milwaukee,2025-02-10
1020,Indianapolis,2025-05-29
1021,Detroit,2025-01-21
1022,Milwaukee,2025-07-31
1023,Chicago,2025-04-13
1024,Milwaukee,2025-03-08
1025,Chicago,2025-01-06
1026,Detroit,2025-10-21
1027,Chicago,2025-10-04
1028,Indianapolis,2025-09-25
1029,Chicago,2025-01-20
1030,Chicago,2025-04-26
1031,Detroit,2025-11-17
1032,Milwaukee,2025-07-10
1033,Chicago,2025-02-12
1034,Detroit,2025-02-16
1035,Detroit,2025-03-28
1036,Chicago,2025-11-17
1037,Milwaukee,2025-02-25
1038,Milwaukee,2025-10-25
1039,Milwaukee,2025-08-12
1040,Chicago,2025-11-01
1041,Chicago,2025-09-30
1042,Detroit,2025-04-20
1043,Detroit,2025-10-01
1044,Indianapolis,2025-02-25
1045,Detroit,2025-04-07
1046,Indianapolis,2025-03-11
1047,Indianapolis,2025-02-13
1048,Indianapolis,2025-01-30
1049,Milwaukee,2025-03-03
1050,Milwaukee,2025-02-09
1051,Chicago,2025-05-06
1052,Milwaukee,2025-01-24
1053,Chicago,2025-01-21
1054,Chicago,2025-11-23
1055,Milwaukee,2025-01-29
1056,Chicago,2025-01-25
1057,Chicago,2025-01-10
1058,Indianapolis,2025-02-13
1059,Detroit,2025-06-24
1060,Chicago,2025-09-30
1061,Chicago,2025-08-31
1062,Chicago,2025-07-11
1063,Indianapolis,2025-01-29
1064,Indianapolis,2025-09-13
1065,Chicago,2025-01-13
1066,Indianapolis,2025-07-28
1067,Chicago,2025-05-16
1068,Chicago,2025-10-19
1069,Detroit,2025-04-12
1070,Chicago,2025-07-30
1071,Chicago,2025-05-26
1072,Chicago,2025-06-22
1073,Milwaukee,2025-11-06
1074,Detroit,2025-08-24
1075,Detroit,2025-05-17
1076,Chicago,2025-05-28
1077,Chicago,2025-08-21
1078,Indianapolis,2025-04-25
1079,Chicago,2025-02-25
1080,Detroit,2025-06-04
1081,Indianapolis,2025-01-23
1082,Chicago,2025-02-26
1083,Indianapolis,2025-05-19
1084,Chicago,2025-09-20
1085,Chicago,2025-09-15
1086,Milwaukee,2025-03-28
1087,Milwaukee,2025-05-20
1088,Indianapolis,2025-02-20
1089,Indianapolis,2025-09-07
1090,Detroit,2025-03-23
1091,Detroit,2025-09-21
1092,Milwaukee,2025-10-05
1093,Chicago,2025-08-16
1094,Indianapolis,2025-04-19
1095,Detroit,2025-11-11
1096,Chicago,2025-08-15
1097,Milwaukee,2025-08-02
1098,Chicago,2025-10-10
1099,Chicago,2025-10-18
1100,Indianapolis,2025-01-26
1101,Chicago,2025-10-18
1102,Indianapolis,2025-09-10
1103,Indianapolis,2025-03-10
1104,Indianapolis,2025-04-12
1105,Chicago,2025-09-06
1106,Chicago,2025-03-13
1107,Indianapolis,2025-05-30
1108,Indianapolis,2025-08-16
1109,Milwaukee,2025-08-03
1110,Detroit,2025-10-28
1111,Chicago,2025-02-06
1112,Detroit,2025-04-08
1113,Chicago,2025-11-22
1114,Chicago,2025-07-07
1115,Milwaukee,2025-03-24
1116,Chicago,2025-04-06
1117,Chicago,2025-04-22
1118,Chicago,2025-07-02
1119,Chicago,2025-04-04
1120,Indianapolis,2025-07-25
1121,Chicago,2025-05-27
1122,Indianapolis,2025-07-21
1123,Indianapolis,2025-02-21
1124,Chicago,2025-07-25
1125,Chicago,2025-11-02
1126,Detroit,2025-02-14
1127,Indianapolis,2025-04-19
1128,Milwaukee,2025-08-17
1129,Indianapolis,2025-07-23
1130,Chicago,2025-08-11
1131,Chicago,2025-07-04
1132,Indianapolis,2025-08-14
1133,Chicago,2025-07-21
1134,Indianapolis,2025-01-25
1135,Milwaukee,2025-09-05
1136,Indianapolis,2025-05-28
1137,Milwaukee,2025-01-17
1138,Chicago,2025-05-15
1139,Chicago,2025-05-24
1140,Chicago,2025-01-29
1141,Indianapolis,2025-11-25
1142,Chicago,2025-03-15
1143,Chicago,2025-04-20
1144,Chicago,2025-05-26
1145,Chicago,2025-10-02
1146,Indianapolis,2025-09-03
1147,Chicago,2025-09-12
1148,Detroit,2025-03-20
1149,Chicago,2025-10-06
1150,Indianapolis,2025-10-01
1151,Chicago,2025-06-03
1152,Chicago,2025-06-30
1153,Detroit,2025-01-13
1154,Detroit,2025-09-08
1155,Detroit,2025-11-14
1156,Chicago,2025-06-05
1157,Chicago,2025-06-28
1158,Indianapolis,2025-06-14
1159,Chicago,2025-01-28
1160,Indianapolis,2025-07-24
1161,Milwaukee,2025-08-27
1162,Milwaukee,2025-11-03
1163,Indianapolis,2025-11-03
1164,Indianapolis,2025-06-12
1165,Chicago,2025-11-13
1166,Chicago,2025-06-24
1167,Milwaukee,2025-07-31
1168,Milwaukee,2025-07-18
1169,Chicago,2025-11-26
1170,Chicago,2025-09-01
1171,Indianapolis,2025-02-09
1172,Indianapolis,2025-01-24
1173,Milwaukee,2025-05-16
1174,Chicago,2025-06-20
1175,Chicago,2025-08-09
1176,Milwaukee,2025-06-08
1177,Chicago,2025-06-19
1178,Milwaukee,2025-11-01
1179,Indianapolis,2025-04-21
1180,Chicago,2025-06-12
1181,Chicago,2025-07-03
1182,Chicago,2025-06-04
1183,Detroit,2025-11-16
1184,Milwaukee,2025-11-14
1185,Chicago,2025-06-19
1186,Detroit,2025-05-29
1187,Milwaukee,2025-07-14
1188,Milwaukee,2025-03-01
1189,Detroit,2025-05-21
1190,Chicago,2025-03-13
1191,Chicago,2025-02-17
1192,Milwaukee,2025-02-01
1193,Chicago,2025-07-13
1194,Indianapolis,2025-01-01
1195,Chicago,2025-08-02
1196,Chicago,2025-05-23
1197,Chicago,2025-05-01
1198,Chicago,2025-09-11
1199,Chicago,2025-06-27
1200,Chicago,2025-08-31
